N_Vars,N_Interes,N_Condicionadas,Tiempo_Promedio(s)
5,1,0,0.000002256
5,1,1,0.000001367
5,1,2,0.000000975
5,1,3,0.000000771
5,1,4,0.000000687
5,2,0,0.000002458
5,2,1,0.000001424
5,2,2,0.000001068
5,2,3,0.000000900
5,3,0,0.000002593
5,3,1,0.000001675
5,3,2,0.000001231
5,4,0,0.000002905
5,4,1,0.000002002
5,5,0,0.000003551
