N_Vars,N_Interes,N_Condicionadas,Tiempo_Promedio(s)
5,1,0,0.000002100
5,1,1,0.000001364
5,1,2,0.000000993
5,1,3,0.000000798
5,1,4,0.000000691
5,2,0,0.000002260
5,2,1,0.000001439
5,2,2,0.000001071
5,2,3,0.000000932
5,3,0,0.000002440
5,3,1,0.000001636
5,3,2,0.000001224
5,4,0,0.000002831
5,4,1,0.000002009
5,5,0,0.000003551
